"age","year","Sex","Never","Current","Ex","init","cess","check"
10,2018,"Female",100,0,0,0,0,100
10,2018,"Male",100,0,0,0,0,100
10,2019,"Male",100,0,0,0,0,100
10,2019,"Female",100,0,0,0,0,100
10,2020,"Female",100,0,0,0,0,100
10,2020,"Male",100,0,0,0,0,100
10,2021,"Male",100,0,0,0,0,100
10,2021,"Female",100,0,0,0,0,100
10,2022,"Female",100,0,0,0,0,100
10,2022,"Male",100,0,0,0,0,100
10,2023,"Male",100,0,0,0,0,100
10,2023,"Female",100,0,0,0,0,100
11,2018,"Male",95.1861,3.703,1.1109,0.00591332833942371,0.00475515089557124,100
11,2018,"Female",99.7424,0.184,0.0736,0.000272186030837192,0.00720667944769162,100
11,2019,"Male",100,0,0,0.00612188413982889,0.00474553186520383,100
11,2019,"Female",100,0,0,0.000279895677637828,0.00721360314763203,100
11,2020,"Male",100,0,0,0.00633360593664451,0.00473537572053854,100
11,2020,"Female",100,0,0,0.000287609504188095,0.00722015766495303,100
11,2021,"Male",100,0,0,0.00654856879203393,0.00472469205513396,100
11,2021,"Female",100,0,0,0.000295327582794145,0.00722637052891194,100
11,2022,"Male",100,0,0,0.00676684992598034,0.00471348827318611,100
11,2022,"Female",100,0,0,0.000303049978884276,0.0072322665928271,100
11,2023,"Male",100,0,0,0.0069885288317233,0.0047017697827445,100
11,2023,"Female",100,0,0,0.000310776751866652,0.00723786835191523,100
12,2018,"Male",90.3722,7.406,2.2218,0.0118266566788474,0.00951030179114249,100
12,2018,"Female",99.4848,0.368,0.1472,0.000544372061674384,0.0144133588953832,100
12,2019,"Male",94.6033817240778,4.26814557142532,1.12847270449685,0.0122437682796578,0.00949106373040766,100
12,2019,"Female",99.7144825333628,0.210590163658059,0.0749273029791643,0.000559791355275656,0.0144272062952641,100
12,2020,"Male",99.3666394063355,0.633360593664451,0,0.012667211873289,0.00947075144107707,100
12,2020,"Female",99.9712390495812,0.0287609504188095,0,0.00057521900837619,0.0144403153299061,100
12,2021,"Male",99.3451431207966,0.654856879203393,0,0.0130971375840679,0.00944938411026792,100
12,2021,"Female",99.9704672417206,0.0295327582794145,0,0.00059065516558829,0.0144527410578239,100
12,2022,"Male",99.323315007402,0.676684992598034,0,0.0135336998519607,0.00942697654637222,100
12,2022,"Female",99.9696950021116,0.0303049978884276,0,0.000606099957768552,0.0144645331856542,100
12,2023,"Male",99.3011471168277,0.698852883172331,0,0.0139770576634466,0.00940353956548899,100
12,2023,"Female",99.9689223248133,0.0310776751866652,0,0.000621553503733304,0.0144757367038305,100
13,2018,"Male",85.5583,11.109,3.3327,0.0177399850182711,0.0142654526867137,100
13,2018,"Female",99.2272,0.552,0.2208,0.000816558092511576,0.0216200383430749,100
13,2019,"Male",89.2657037242771,8.44220545773549,2.2920908179874,0.0183656524194867,0.0142365955956115,100
13,2019,"Female",99.4291092689787,0.41838151910467,0.152509211916657,0.000839687032913484,0.0216408094428961,100
13,2020,"Male",93.4050206438493,5.42608410583255,1.16889525031815,0.0190008178099335,0.0142061271616156,100
13,2020,"Female",99.6571248675992,0.264906841053046,0.0779682913477632,0.000862828512564284,0.0216604729948591,100
13,2021,"Male",98.0652208587643,1.92879427370584,0.00598486752984272,0.0196457063761018,0.0141740761654019,100
13,2021,"Female",99.9121905208263,0.0873938046047264,0.000415674568979965,0.000885982748382435,0.0216791115867358,100
13,2022,"Male",98.0006357720497,1.99319090750885,0.00617332044148089,0.020300549777941,0.0141404648195583,100
13,2022,"Female",99.9098751457473,0.0896976766905273,0.000427177562196495,0.000909149936652828,0.0216967997784813,100
13,2023,"Male",97.9350673062188,2.05856945967989,0.00636323410126824,0.0209655864951699,0.0141053093482335,100
13,2023,"Female",99.9075584879158,0.0920028249138968,0.000438687170243016,0.000932330255599956,0.0217136050557457,100
14,2018,"Male",80.7444,14.812,4.4436,0.0236533133576948,0.019020603582285,100
14,2018,"Female",98.9696,0.736,0.2944,0.00108874412334877,0.0288267177907665,100
14,2019,"Male",83.9869660005978,12.5221796589305,3.49085434047165,0.0244875365593156,0.0189821274608153,100
14,2019,"Female",99.1438802068477,0.623374066339834,0.232745726812479,0.00111958271055131,0.0288544125905281,100
14,2020,"Male",87.5695823511366,10.0183957866189,2.41202186224447,0.025334423746578,0.0189415028821541,100
14,2020,"Female",99.3433189985225,0.4951094479647,0.161571553512772,0.00115043801675238,0.0288806306598121,100
14,2021,"Male",91.5700130342265,7.18418198605939,1.2458049797141,0.0261942751681357,0.0188987682205358,100
14,2021,"Female",99.5688303742131,0.347458389471854,0.0837112363150419,0.00118131033117658,0.0289054821156478,100
14,2022,"Male",96.0744429612362,3.89229812366246,0.0332589151013458,0.0270673997039214,0.0188539530927444,100
14,2022,"Female",99.8213553591435,0.176332800407193,0.00231184044936843,0.0012121999155371,0.0289290663713084,100
14,2023,"Male",95.9459949661891,4.0197171390289,0.0342878947819795,0.0279541153268932,0.018807079130978,100
14,2023,"Female",99.8167261463157,0.180899016196045,0.00237483748827257,0.00124310700746661,0.0289514734076609,100
15,2018,"Male",75.9305,18.515,5.5545,0.0295666416971185,0.0237757544778562,100
15,2018,"Female",98.712,0.92,0.368,0.00136093015418596,0.0360333972384581,100
15,2019,"Male",78.76716855304,16.5080681750104,4.7247632719496,0.0306094206991445,0.0237276593260192,100
15,2019,"Female",98.8587953469698,0.825567805363551,0.315636847666629,0.00139947838818914,0.0360680157381601,100
15,2020,"Male",81.8592046147493,14.4127521426786,3.72804324257213,0.0316680296832225,0.0236768786026927,100
15,2020,"Female",99.0298213179294,0.71942951908527,0.250749162985345,0.00143804752094047,0.0361007883247651,100
15,2021,"Male",85.2757606146722,12.1228821831704,2.60135720215738,0.0327428439601697,0.0236234602756698,100
15,2021,"Female",99.2259637094562,0.598153359737594,0.175882930806204,0.00147663791397072,0.0361318526445597,100
15,2022,"Male",89.0914508905358,9.52729389957518,1.381255209889,0.0338342496299017,0.0235674413659306,100
15,2022,"Female",99.4481330464434,0.458104070431305,0.0937628831253411,0.00151524989442138,0.0361613329641355,100
15,2023,"Male",93.3887669027308,6.50477142335481,0.106461673914423,0.0349426441586165,0.0235088489137225,100
15,2023,"Female",99.6972667328017,0.295316332367071,0.00741693483125564,0.00155388375933326,0.0361893417595761,100
16,2018,"Male",73.7777,20.171,6.0513,0.0326731402774982,0.0237657366385852,100
16,2018,"Female",98.6476,0.966,0.3864,0.00142284223431012,0.0361102362950594,100
16,2019,"Male",73.6063113816036,20.3998710059751,5.99381761242124,0.0338694899233292,0.0237107586091177,100
16,2019,"Female",98.5738546893451,1.02496273617582,0.401182574479107,0.00146317460727111,0.0361450293318856,100
16,2020,"Male",76.2727675212389,18.6116096806668,5.11562279809429,0.0350875064183304,0.0236526693850818,100
16,2020,"Female",98.7166317013979,0.937927802346252,0.345440496255799,0.00150353048151473,0.0361779672286232,100
16,2021,"Male",79.1789014513449,16.7525762283773,4.06852232027778,0.0363278292654166,0.0235914913369703,100
16,2021,"Female",98.8835901291576,0.839666386485335,0.27674348435708,0.00154391023745599,0.0362091883046453,100
16,2022,"Male",82.3905192426557,14.722418240149,2.88706251719533,0.0375911231638674,0.0235272336883049,100
16,2022,"Female",99.0756115784216,0.726875467967119,0.197512953611291,0.00158431421967995,0.036238817435199,100
16,2023,"Male",85.978360024493,12.4164090527763,1.60523092273075,0.0388780795522009,0.0234598932848774,100
16,2023,"Female",99.2936022076065,0.596056424501895,0.110341367891632,0.00162474274141142,0.0362669676481267,100
17,2018,"Male",71.6249,21.827,6.5481,0.0357796388578779,0.0237557187993143,100
17,2018,"Female",98.5832,1.012,0.4048,0.00148475431443428,0.0361870753516606,100
17,2019,"Male",71.2788869332836,22.1915433548119,6.52956971190451,0.037129559147514,0.0236938578922162,100
17,2019,"Female",98.5032613366118,1.07542256505364,0.421316098334601,0.00152687082635309,0.036222042925611,100
17,2020,"Male",71.023649458572,22.5000215246041,6.47632901682389,0.0385069831534383,0.0236284601674709,100
17,2020,"Female",98.4256458941393,1.13609046310172,0.438263642759036,0.00156901344208898,0.0362551461324812,100
17,2021,"Male",73.5019434451266,20.9433581282306,5.55469842664282,0.0399128145706635,0.0235595223982709,100
17,2021,"Female",98.564222083107,1.05637581622589,0.379402100667117,0.00161118256094125,0.036286523964731,100
17,2022,"Male",76.2024776149077,19.3348582890084,4.46266409608395,0.041347996697833,0.0234870260106793,100
17,2022,"Female",98.7269274512229,0.965900547533648,0.307172001243395,0.00165337854493852,0.0363163019062624,100
17,2023,"Male",79.1873340811925,17.5802170408029,3.23244887800456,0.0428135149457853,0.0234109376560323,100
17,2023,"Female",98.9146391976586,0.861486279649077,0.223874522692272,0.00169560172348958,0.0363445935366773,100
18,2018,"Male",69.4721,23.483,7.0449,0.0388861374382576,0.0237457009600433,100
18,2018,"Female",98.5188,1.058,0.4232,0.00154666639455844,0.0362639144082619,100
18,2019,"Male",68.9654990390152,23.9692351247714,7.0652658362134,0.0403896283716988,0.0236769571753147,100
18,2019,"Female",98.4326761879515,1.12586710460781,0.441456707440718,0.00159056704543506,0.0362990565193364,100
18,2020,"Male",68.5341520349478,24.4119262549338,7.05392171011839,0.0419264598885461,0.02360425094986,100
18,2020,"Female",98.348708395485,1.1909859039302,0.460305700584789,0.00163449640266323,0.0363323250363392,100
18,2021,"Male",68.1888957076002,24.8046855145054,7.00641877789438,0.0434977998759104,0.0235275534595715,100
18,2021,"Female",98.2670642099252,1.2534473735003,0.479488416574479,0.00167845488442651,0.0363638596248166,100
18,2022,"Male",70.4627853302731,23.4906190459753,6.04659562375154,0.0451048702317987,0.0234468183330536,100
18,2022,"Female",98.4012581130162,1.18097612324812,0.417765763735651,0.00172244287019708,0.0363937863773259,100
18,2023,"Male",72.939981700636,22.1447070412879,4.91531125807614,0.0467489503393697,0.0233619820271872,100
18,2023,"Female",98.5595259028818,1.09819683307781,0.34227726404036,0.00176646070556774,0.0364222194252279,100
19,2018,"Male",67.3193,25.139,7.5417,0.0419926360186374,0.0237356831207723,100
19,2018,"Female",98.4544,1.104,0.4416,0.0016085784746826,0.0363407534648632,100
19,2019,"Male",66.6661476987985,25.7329463158536,7.60090598534792,0.0436496975958836,0.0236600564584132,100
19,2019,"Female",98.3620992433642,1.17629635483835,0.461604401797458,0.00165426326451704,0.0363760701130618,100
19,2020,"Male",66.0740198098624,26.2949385129629,7.63104167717471,0.045345936623654,0.0235800417322491,100
19,2020,"Female",98.2717883328177,1.2458495901492,0.482362077033051,0.00169997936323749,0.0364095039401972,100
19,2021,"Male",65.5530672050664,26.8186581848011,7.62827461013246,0.0470827851811573,0.023495584520872,100
19,2021,"Female",98.1836345255016,1.31275092968798,0.503614544810442,0.00174572720791177,0.0364411952849023,100
19,2022,"Male",65.1132444154592,27.2987458515793,7.58800973296151,0.0488617437657643,0.0234066106554279,100
19,2022,"Female",98.0978048058017,1.37708908167749,0.525106112520869,0.00179150719545565,0.0364712708483893,100
19,2023,"Male",67.1687240780945,26.2358928781943,6.59538304371112,0.0506843857329541,0.0233130263983421,100
19,2023,"Female",98.2274361571811,1.3117843075863,0.460779535232549,0.0018373196876459,0.0364998453137785,100
20,2018,"Male",65.1665,26.795,8.0385,0.0450991345990171,0.0237256652815014,100
20,2018,"Female",98.39,1.15,0.46,0.00167049055480676,0.0364175925214644,100
20,2019,"Male",64.3808329126334,27.4826769280585,8.13649015930805,0.0469097668200684,0.0236431557415117,100
20,2019,"Female",98.2915305028499,1.22671031574525,0.48175918140482,0.00171795948359901,0.0364530837067873,100
20,2020,"Male",63.6431087903056,28.1492012763249,8.20768993336947,0.0487654133587619,0.0235558325146382,100
20,2020,"Female",98.1948857045258,1.30068152691046,0.504432768563784,0.00176546232381174,0.0364866828440552,100
20,2021,"Male",62.9630709290991,28.7880724434237,8.24885662747716,0.0506677704864042,0.0234636155821726,100
20,2021,"Female",98.100232598155,1.37200507660171,0.527762325243294,0.00181299953139703,0.0365185309449879,100
20,2022,"Male",62.3500300322325,29.3939614672023,8.25600850056511,0.05261861729973,0.0233664029778023,100
20,2022,"Female",98.0077378377731,1.44076992270328,0.551492239523567,0.00186057152071422,0.0365487553194528,100
20,2023,"Male",61.813019619182,29.962554265177,8.22442611564101,0.0546198211265385,0.023264070769497,100
20,2023,"Female",97.9175677777171,1.50706257129751,0.575369650985391,0.00190817866972406,0.036577471202329,100
21,2018,"Male",63.0137,28.451,8.5353,0.0475478668348299,0.0244452549837848,100
21,2018,"Female",98.3256,1.196,0.4784,0.00171050503923626,0.0367127942549496,100
21,2019,"Male",62.10955468052,29.2184269613862,8.67201835809381,0.0495418952243825,0.02437889392365,100
21,2019,"Female",98.2209699664087,1.2771089873285,0.501921046262805,0.00175915429613393,0.036749211470135,100
21,2020,"Male",61.2412749832675,29.9748575226532,8.78386749407931,0.0515937806676153,0.0243081057350585,100
21,2020,"Female",98.1180005089974,1.35548171936569,0.526517771636948,0.00180784041478155,0.0367837022626309,100
21,2021,"Male",60.4184543610772,30.7133736678605,8.86817197106236,0.0537062233668685,0.0242328315423296,100
21,2021,"Female",98.0168584227579,1.4312098300883,0.551931747153838,0.00185656386367161,0.0368164101818842,100
21,2022,"Male",59.6500411958651,31.4284284749906,8.92153032914436,0.0558821012403149,0.0241529911368208,100
21,2022,"Female",97.9177100992074,1.50438249770751,0.577907403085057,0.00190532506913198,0.0368474648328848,100
21,2023,"Male",58.9444825446377,32.1156857550283,8.93983170033397,0.0581244861133342,0.0240684830460011,100
21,2023,"Female",97.8207215629632,1.57508647715637,0.604191959880428,0.00195412442059528,0.0368769835313755,100
22,2018,"Male",60.8609,30.107,9.0321,0.0499965990706427,0.0251648446860682,100
22,2018,"Female",98.2612,1.242,0.4968,0.00175051952366577,0.0370079959884348,100
22,2019,"Male",59.8918818768993,30.8792142120789,9.22890391102177,0.0521740236286967,0.0251146321057882,100
22,2019,"Female",98.15263009834,1.32501784474166,0.522352056918282,0.00180034910866885,0.0370453392334828,100
22,2020,"Male",58.90508793897,31.7126490909467,9.38226297008327,0.0544221479764687,0.0250603789554789,100
22,2020,"Female",98.0434021273244,1.407700029666,0.548897843009627,0.00185021850575137,0.0370807216812066,100
22,2021,"Male",57.9522373897443,32.5375194433246,9.51024316693109,0.0567446762473328,0.0250020475024865,100
22,2021,"Female",97.9358381748767,1.4877400825122,0.576421742611161,0.00190012819594619,0.0371142894187805,100
22,2022,"Male",57.0421441776881,33.3478640092678,9.60999181304405,0.0591455851808998,0.0249395792958392,100
22,2022,"Female",97.8301044452074,1.56522735375608,0.604668201036496,0.00195007861754974,0.0371461743463168,100
22,2023,"Male",56.1829132047162,34.1391218682267,9.67796492705713,0.06162915110013,0.0248728953225051,100
22,2023,"Female",97.7263667106938,1.64024879762829,0.633384491677906,0.0020000701714665,0.0371764958604219,100
23,2018,"Male",58.7081,31.763,9.5289,0.0524453313064554,0.0258844343883516,100
23,2018,"Female",98.1968,1.288,0.5152,0.00179053400809528,0.03730319772192,100
23,2019,"Male",57.6855419653363,32.5262318058548,9.78822622880897,0.0548061520330109,0.0258503702879265,100
23,2019,"Female",98.0842955361633,1.37289415250875,0.542810311327986,0.00184154392120376,0.0373414669968305,100
23,2020,"Male",56.6324370188055,33.3648142601706,10.0027487210239,0.0572505152853221,0.0258126521758992,100
23,2020,"Female",97.9710262857439,1.45748903941428,0.571484674841779,0.00189259659672118,0.0373777410997823,100
23,2021,"Male",55.5625377945525,34.2623180763627,10.1751441290848,0.0597831291277971,0.0257712634626435,100
23,2021,"Female",97.8571070945158,1.54174927615877,0.601143629325477,0.00194369252822077,0.0374121686556767,100
23,2022,"Male",54.5246183967855,35.1536663900367,10.3217152131778,0.0624090691214847,0.0257261674548577,100
23,2022,"Female",97.74485559096,1.62345881394183,0.631685595098163,0.0019948321659675,0.0374448838597489,100
23,2023,"Male",53.526685255086,36.0338650011383,10.4394497437757,0.0651338160869257,0.0256773075990092,100
23,2023,"Female",97.6344373714351,1.70270475929086,0.662857869274028,0.00204601592233772,0.0374760081894683,100
24,2018,"Male",56.5553,33.419,10.0257,0.0548940635422682,0.026604024090635,100
24,2018,"Female",98.1324,1.334,0.5336,0.00183054849252478,0.0375983994554052,100
24,2019,"Male",55.4905349458308,34.1594797427138,10.3499853114554,0.0574382804373251,0.0265861084700647,100
24,2019,"Female",98.0159662798783,1.42073791062974,0.563295809491918,0.00188273873373868,0.0376375947601783,100
24,2020,"Male",54.3830149633077,34.9891704996862,10.6278145370062,0.0600788825941755,0.0265649253963195,100
24,2020,"Female",97.8986615322397,1.50721247424241,0.594125993517862,0.00193497468769099,0.0376747605183579,100
24,2021,"Male",53.2467727236884,35.8906251366067,10.8626021397049,0.0628215820082614,0.0265404794228005,100
24,2021,"Female",97.7806007339702,1.59338676543164,0.626012500598147,0.00198725686049535,0.037710047892573,100
24,2022,"Male",52.0949315327672,36.8484862059239,11.0565822613089,0.0656725530620696,0.0265127556138762,100
24,2022,"Female",97.6618985896151,1.67922715847282,0.658874251912094,0.00203958571438526,0.0377435933731809,100
24,2023,"Male",50.9732219299194,37.8024113517728,11.2243667183077,0.0686384810737214,0.0264817198755133,100
24,2023,"Female",97.5448680600943,1.76260558900099,0.692526350904711,0.00209196167320894,0.0377755205185147,100
25,2018,"Male",54.4025,35.075,10.5225,0.057342795778081,0.0273236137929185,100
25,2018,"Female",98.068,1.38,0.552,0.00187056297695429,0.0378936011888904,100
25,2019,"Male",53.306860818383,35.778958022656,10.9141811589611,0.0600704088416393,0.027321846652203,100
25,2019,"Female",97.9476423294853,1.46854911910466,0.583808551410078,0.0019239335462736,0.037933722523526,100
25,2020,"Male",52.1567256117322,36.5858450458701,11.2574293423977,0.0629072499030289,0.0273171986167399,100
25,2020,"Female",97.8263078661372,1.55687036382855,0.616821770034246,0.0019773527786608,0.0379717799369336,100
25,2021,"Male",50.9665879289337,37.4769681743923,11.5564438966739,0.0658600348887257,0.0273096953829575,100
25,2021,"Female",97.7041117454765,1.6449252064177,0.650963048105827,0.00203082119276993,0.0380079271294693,100
25,2022,"Male",49.749921216608,38.435917270611,11.814161512781,0.0689360370026545,0.0272993437728947,100
25,2022,"Female",97.5811688175692,1.73267853967199,0.686152642758807,0.00208433926280302,0.0380423028866129,100
25,2023,"Male",48.5192145607185,39.4483918884306,12.0323935508509,0.0721431460605171,0.0272861321520173,100
25,2023,"Female",97.4575936408328,1.82009842727497,0.722307931892231,0.00213790742408016,0.0380750328475611,100
26,2018,"Male",54.38755,35.0865,10.52595,0.0163924078588472,0.00683070082290783,100
26,2018,"Female",98.0519,1.3915,0.5566,0.000538887010761351,0.00947415058913438,100
26,2019,"Male",51.1345195829927,37.3846666456813,11.480813771326,0.0171723220607385,0.00683025009867086,100
26,2019,"Female",97.879323684984,1.51632777793349,0.604348537082466,0.000554264939495442,0.00948418270113988,100
26,2020,"Male",49.953472803335,38.1549651350991,11.891562061566,0.0179834854941651,0.00682907858002816,100
26,2020,"Female",97.7539652867618,1.60646273785092,0.639571975387298,0.000569657028450781,0.00949369873471192,100
26,2021,"Male",48.7216818432618,39.0217405308097,12.2565776259285,0.0188278206077106,0.00682719263989718,100
26,2021,"Female",97.6276401269122,1.69636468771512,0.675995185372672,0.000585063427447699,0.0095027371220383,100
26,2022,"Male",47.4531533375657,39.9673061280018,12.5795405344325,0.0197074094645247,0.00682459392689347,100
26,2022,"Female",97.5004632292281,1.78599697973772,0.713539791034193,0.000600484273505033,0.00951133256591001,100
26,2023,"Male",46.1608053837791,40.97626558541,12.8629290308109,0.0206245107465217,0.00682127946898557,100
26,2023,"Female",97.3725493123037,1.87532625262522,0.752124435071082,0.000615919692444388,0.00951951648194847,100
27,2018,"Male",54.3726,35.098,10.5294,0.0164011597810999,0.00683049819758605,100
27,2018,"Female",98.0358,1.403,0.5612,0.00054332745667862,0.00947490088104616,100
27,2019,"Male",53.4535894753055,35.7808109546075,10.765599570087,0.0171816701667229,0.00683003853429097,100
27,2019,"Female",97.9975532695791,1.43264949019228,0.569797240228636,0.00055883458005557,0.00948493477139826,100
27,2020,"Male",50.2149426918209,38.0489407106416,11.7361165975375,0.0179934710160363,0.00682885750587136,100
27,2020,"Female",97.8235660403069,1.55768986350388,0.618744096189242,0.000574356120141331,0.00949445248519044,100
27,2021,"Male",49.0129577786616,38.8349888626265,12.1520533587119,0.0188384883900709,0.00682696143405499,100
27,2021,"Female",97.6967730167845,1.64838921473405,0.654837768481445,0.000589892228389703,0.00950349246170928,100
27,2022,"Male",47.7615037093764,39.7156111312517,12.5228851593719,0.0197188083568623,0.00682435191056328,100
27,2022,"Female",97.5690162643566,1.73885386157281,0.692129874070596,0.000605443043352059,0.00951208941016679,100
27,2023,"Male",46.4744552665988,40.6733760342471,12.8521686991541,0.0206366940471815,0.0068210258999668,100
27,2023,"Female",97.4404107739027,1.82904760737773,0.730541618719517,0.000621008692294444,0.00952027475200667,100
28,2018,"Male",54.35765,35.1095,10.53285,0.0164099117033525,0.00683029557226426,100
28,2018,"Female",98.0197,1.4145,0.5658,0.00054776790259589,0.00947565117295794,100
28,2019,"Male",53.4383879206928,35.7924913868306,10.7691206924765,0.0171910182727074,0.00682982696991108,100
28,2019,"Female",97.9810142048766,1.44447843163914,0.574507363484272,0.000563404220615698,0.00948568684165664,100
28,2020,"Male",52.4917738623785,36.498284508081,11.0099416295406,0.0180034565379075,0.00682863643171455,100
28,2020,"Female",97.9412677750998,1.47533276215897,0.583399462741199,0.000579055211831882,0.00949520623566896,100
28,2021,"Male",49.2689690769129,38.7351556747114,11.9958752483757,0.0188491561724313,0.00682673022821281,100
28,2021,"Female",97.7658606789463,1.60059173098893,0.633547590064732,0.000594721029331706,0.00950424780138027,100
28,2022,"Male",48.0464806572212,39.5364423536256,12.4170769891532,0.0197302072492,0.00682410989423309,100
28,2022,"Female",97.6376231852035,1.6918594207217,0.67051739407475,0.000610401813199084,0.00951284625442358,100
28,2023,"Male",46.7758641700927,40.4303494583762,12.7937863715311,0.0206488773478412,0.00682077233094804,100
28,2023,"Female",97.5084250571578,1.78289070225583,0.708684240586357,0.0006260976921445,0.00952103302206486,100
29,2018,"Male",54.3427,35.121,10.5363,0.0164186636256052,0.00683009294694247,100
29,2018,"Female",98.0036,1.426,0.5704,0.000552208348513159,0.00947640146486972,100
29,2019,"Male",53.4231866455886,35.8041715444113,10.7726418100001,0.0172003663786918,0.0068296154055312,100
29,2019,"Female",97.9644752873165,1.45630720864596,0.579217504037523,0.000567973861175826,0.00948643891191501,100
29,2020,"Male",52.4763122263068,36.5101531705507,11.0135346031425,0.0180134420597787,0.00682841535755775,100
29,2020,"Female",97.9242777879407,1.48749922796366,0.588222984095661,0.000583754303522432,0.00949595998614748,100
29,2021,"Male",51.5023482190785,37.2385462092517,11.2591055716698,0.0188598239547917,0.00682649902237063,100
29,2021,"Female",97.8830200435146,1.51955856558318,0.597421390902253,0.00059954983027371,0.00950500314105125,100
29,2022,"Male",48.296882106071,39.4429096864588,12.2602082074702,0.0197416061415377,0.0068238678779029,100
29,2022,"Female",97.7061842203189,1.64504200656333,0.648773773117731,0.00061536058304611,0.00951360309868036,100
29,2023,"Male",47.0543747711348,40.2588791676422,12.686746061223,0.0206610606485009,0.00682051876192928,100
29,2023,"Female",97.5764924946608,1.73688186185105,0.686625643488133,0.000631186691994556,0.00952179129212306,100
30,2018,"Male",54.32775,35.1325,10.53975,0.0164274155478578,0.00682989032162069,100
30,2018,"Female",97.9875,1.4375,0.575,0.000556648794430428,0.0094771517567815,100
30,2019,"Male",53.4079856499927,35.8158514273497,10.7761629226577,0.0172097144846762,0.00682940384115131,100
30,2019,"Female",97.9479365168989,1.46813582121274,0.583927661888391,0.000572543501735954,0.00948719098217339,100
30,2020,"Male",52.4608511682995,36.5220212668619,11.0171275648386,0.0180234275816498,0.00682819428340094,100
30,2020,"Female",97.9072881032752,1.49966535770641,0.593046539018364,0.000588453395212983,0.009496713736626,100
30,2021,"Male",51.486618215922,37.2506106560102,11.2627711280679,0.0188704917371521,0.00682626781652844,100
30,2021,"Female",97.8655673038133,1.53207102725699,0.602361668929767,0.000604378631215714,0.00950575848072224,100
30,2022,"Male",50.4856091451732,38.0011743638599,11.5132164909669,0.0197530050338753,0.00682362586157271,100
30,2022,"Female",97.8227866912303,1.56533544078931,0.611877867980411,0.000620319352893136,0.00951435994293715,100
30,2023,"Male",47.299017295744,40.1717533912443,12.5292293130118,0.0206732439491606,0.00682026519291051,100
30,2023,"Female",97.6445133771135,1.69104910311549,0.664437519771003,0.000636275691844612,0.00952254956218126,100
31,2018,"Male",54.3128,35.144,10.5432,0.0163090446264951,0.00689727653628374,100
31,2018,"Female",97.9714,1.449,0.5796,0.000590532412121542,0.00926196240127118,100
31,2019,"Male",53.3927849339051,35.8275310356456,10.7796840304492,0.0170874895012822,0.00689875716505422,100
31,2019,"Female",97.9313978936236,1.47996426933948,0.588637837036874,0.00060738850357866,0.00927124941141239,100
31,2020,"Male",52.4453906883482,36.5338887970227,11.020720514629,0.0178973775677364,0.00689959142546589,100
31,2020,"Female",97.8902987211014,1.51183115138967,0.597870127508935,0.0006242606067157,0.00928004360810506,100
31,2021,"Male",51.4708891098042,37.2626742269887,11.2664366632071,0.0187406600367133,0.00689979096521944,100
31,2021,"Female",97.8481150305053,1.54458297378405,0.607301995710627,0.00064114889139632,0.00928838168480452,100
31,2022,"Male",50.4696027871257,38.0134418545748,11.5169553582996,0.0196194516894817,0.00689936312221341,100
31,2022,"Female",97.8048593984328,1.57820225742594,0.616938344141235,0.000658053513061387,0.00929629677202052,100
31,2023,"Male",49.441907831393,38.7856975908365,11.7723945777705,0.020536048484104,0.00689831108038121,100
31,2023,"Female",97.7605444299502,1.61267171775309,0.626783852296766,0.000674974614534895,0.00930381886006254,100
32,2018,"Male",54.29785,35.1555,10.54665,0.0161906737051324,0.00696466275094679,100
32,2018,"Female",97.9553,1.4605,0.5842,0.000624416029812655,0.00904677304576085,100
32,2019,"Male",53.3847306002148,35.8296194779766,10.7856499218087,0.0169652645178881,0.00696811048895713,100
32,2019,"Female",97.9118932979605,1.49507266164237,0.593034040397137,0.000642233505421367,0.00905530784065139,100
32,2020,"Male",52.4371941025501,36.5359265410715,11.0268793563784,0.0177713275538229,0.00697098856753084,100
32,2020,"Female",97.870263179758,1.52736485024716,0.602371969994782,0.000660067818218416,0.00906337347958413,100
32,2021,"Male",51.4625294509653,37.2646738385597,11.2727967104751,0.0186108283362745,0.00697331411391045,100
32,2021,"Female",97.8275364645979,1.56055094311608,0.611912592286019,0.000677919151576926,0.0090710048888868,100
32,2022,"Male",50.4610584874997,38.0154161288965,11.5235253836039,0.0194858983450881,0.00697510038285411,100
32,2022,"Female",97.7837257346631,1.594613367913,0.621660897423933,0.000695787673229639,0.0090782336011039,100
32,2023,"Male",49.4331565773158,38.7876595172358,11.7791839054484,0.0203988530190474,0.0069763569678519,100
32,2023,"Female",97.7388436011607,1.6295347467704,0.631621652068868,0.000713673537225179,0.00908508815794383,100
33,2018,"Male",54.2829,35.167,10.5501,0.0160723027837696,0.00703204896560984,100
33,2018,"Female",97.9392,1.472,0.5888,0.000658299647503769,0.00883158369025053,100
33,2019,"Male",53.3766726119974,35.8317099797081,10.7916174082945,0.0168430395344941,0.00703746381286005,100
33,2019,"Female",97.8923898243064,1.51018489859233,0.597425277101271,0.000677078507264073,0.00883936626989039,100
33,2020,"Male",52.4360130663458,36.5285691440856,11.0354177895686,0.0176452775399094,0.00704238570959579,100
33,2020,"Female",97.8472648081737,1.54615074951761,0.606584442308717,0.000695875029721133,0.00884670335106318,100
33,2021,"Male",51.4612944846716,37.2570496667363,11.2816558485921,0.0184809966358357,0.00704683726260145,100
33,2021,"Female",97.8039150539786,1.57985824200289,0.616226704018488,0.000714689411757532,0.00885362809296908,100
33,2022,"Male",50.4597358335027,38.007542615264,11.5327215512333,0.0193523450006945,0.00705083764349481,100
33,2022,"Female",97.7594692706234,1.61445109108254,0.62607963829405,0.000733521833397891,0.00886017043018727,100
33,2023,"Male",49.4317107722276,38.7795547309719,11.7887344968005,0.0202616575539908,0.00705440285532259,100
33,2023,"Female",97.713940077235,1.64991182231579,0.636148100449258,0.000752372459915462,0.00886635745582512,100
34,2018,"Male",54.26795,35.1785,10.55355,0.0159539318624069,0.00709943518027289,100
34,2018,"Female",97.9231,1.4835,0.5934,0.000692183265194882,0.00861639433474021,100
34,2019,"Male",53.368610969253,35.8338025408401,10.7975864899068,0.0167208145511,0.00710681713676296,100
34,2019,"Female",97.8728874726614,1.52530098018936,0.601811547149279,0.000711923509106779,0.00862342469912939,100
34,2020,"Male",52.4348264096018,36.5212154597922,11.043958130606,0.0175192275259959,0.00711378285166073,100
34,2020,"Female",97.8242689546279,1.56494561046769,0.610785434904373,0.00073168224122385,0.00863003322254225,100
34,2021,"Male",51.46694328527,37.2402280429673,11.2928286717627,0.0183511649353969,0.00712036041129245,100
34,2021,"Female",97.7773344040458,1.60239210993355,0.620273486020612,0.000751459671938138,0.00863625129705136,100
34,2022,"Male",50.4653977596219,37.9902529835102,11.5443492568678,0.0192187916563009,0.00712657490413551,100
34,2022,"Female",97.7321737468947,1.63760173580709,0.63022451729817,0.000771255993566142,0.00864210725927065,100
34,2023,"Male",49.4373379457794,38.7618199858384,11.8008420683822,0.0201244620889341,0.00713244874279328,100
34,2023,"Female",97.6859177382482,1.67368832298922,0.640393938762535,0.000791071382605745,0.0086476267537064,100
35,2018,"Male",54.253,35.19,10.557,0.0158355609410442,0.00716682139493594,100
35,2018,"Female",97.907,1.495,0.598,0.000726066882885996,0.00840120497922989,100
35,2019,"Male",53.3605456719816,35.8358971613727,10.8035571666456,0.016598589567706,0.00717617046066587,100
35,2019,"Female",97.8533862430254,1.54042090643346,0.606192850541158,0.000746768510949485,0.00840748312836839,100
35,2020,"Male",52.4336341309363,36.513865489132,11.0525003799317,0.0173931775120824,0.00718517999372568,100
35,2020,"Female",97.8012756190003,1.583749435717,0.614974945282689,0.000767489452726566,0.00841336309402131,100
35,2021,"Male",51.4725862618003,37.2234113908615,11.3040023473382,0.0182213332349581,0.00719388355998346,100
35,2021,"Female",97.7507579615717,1.62494133996571,0.62430069846259,0.000788229932118744,0.00841887450113364,100
35,2022,"Male",50.4778108250837,37.9639652285583,11.558223946358,0.0190852383119073,0.00720231216477621,100
35,2022,"Female",97.7019230488518,1.66395542064214,0.634121530506066,0.000808990153734394,0.00842404408835402,100
35,2023,"Male",49.4498087756054,38.7348784353961,11.8153127889985,0.0199872666238775,0.00721049463026397,100
35,2023,"Female",97.6548606210837,1.70075349303563,0.644385885880651,0.000829770305296029,0.00842889605158769,100
36,2018,"Male",54.86595,34.7185,10.41555,0.0154926877689603,0.00717528045420623,100
36,2018,"Female",97.6494,1.679,0.6716,0.000799522519516743,0.00846590998340511,100
36,2019,"Male",53.3524767201832,35.8379938413059,10.8095294385108,0.0162329717846865,0.00718479098348838,100
36,2019,"Female",97.8338861353985,1.55554467732462,0.610569187276911,0.000822396111452234,0.00847230970766145,100
36,2020,"Male",52.4324362289673,36.506519233046,11.0610445379867,0.0170032935279926,0.00719396564779553,100
36,2020,"Female",97.7782848011703,1.60256222788511,0.619152970944605,0.000845295362600631,0.00847830349576208,100
36,2021,"Male",51.4782234107167,37.206599712698,11.3151768765854,0.0178055313113958,0.00720283818959803,100
36,2021,"Female",97.724185726158,1.64750594081874,0.628308333023232,0.000868220534691563,0.00848392152254711,100
36,2022,"Male",50.4902196864636,37.9376833375233,11.5720969760131,0.0186417226881372,0.0072114397904594,100
36,2022,"Female",97.6716785608607,1.69033216318783,0.63798927595145,0.000891171868544208,0.00848919102368817,100
36,2023,"Male",49.4688973615331,38.6991397246849,11.831962913782,0.0195140818462333,0.00721979944821453,100
36,2023,"Female",97.6208528943355,1.73100026788332,0.648146837781135,0.000914149586686961,0.00849413664543799,100
37,2018,"Male",55.4789,34.247,10.2741,0.0151498145968764,0.00718373951347653,100
37,2018,"Female",97.3918,1.863,0.7452,0.00087297815614749,0.00853061498758034,100
37,2019,"Male",53.97531258171,35.3596922525298,10.6649951657602,0.015867354001667,0.0071934115063109,100
37,2019,"Female",97.5690935131544,1.74508147884648,0.685825007999164,0.000898023711954983,0.00853713628695452,100
37,2020,"Male",52.4453088980646,36.4873443668443,11.0673467350911,0.0166134095439027,0.00720275130186538,100
37,2020,"Female",97.751187605143,1.6250548277045,0.623757567152486,0.000923101272474695,0.00854324389750285,100
37,2021,"Male",51.4988488439596,37.1771560671526,11.3239950888878,0.0173897293878335,0.0072117928192126,100
37,2021,"Female",97.693391686459,1.67385933042003,0.63274898312098,0.000948211137264381,0.00854896854396059,100
37,2022,"Male",50.5185806454161,37.8979293243627,11.5834900302212,0.0181982070643671,0.0072205674161426,100
37,2022,"Female",97.6370966809625,1.72060899337001,0.642294325667503,0.000973353583354022,0.00855433795902232,100
37,2023,"Male",49.5049494070677,38.6490511516925,11.8459994412399,0.0190408970685891,0.00722910426616509,100
37,2023,"Female",97.5823920362733,1.76526077540497,0.652347188321746,0.000998528868077893,0.00855937723928829,100
38,2018,"Male",56.09185,33.7755,10.13265,0.0148069414247924,0.00719219857274682,100
38,2018,"Female",97.1342,2.047,0.8188,0.000946433792778238,0.00859531999175556,100
38,2019,"Male",54.5985966540769,34.8809505820665,10.5204527638566,0.0155017362186474,0.00720203202913341,100
38,2019,"Female",97.30433985425,1.93455546084738,0.761104684902596,0.000973651312457731,0.00860196286624758,100
38,2020,"Male",53.0785986085299,36.0017191563044,10.9196822351657,0.0162235255598128,0.00721153695593523,100
38,2020,"Female",97.4790273587782,1.82023897652788,0.700733664693964,0.00100090718234876,0.00860818429924362,100
38,2021,"Male",51.5332991686659,37.1362149281461,11.330485903188,0.0169739274642712,0.00722074744882717,100
38,2021,"Female",97.658498840375,1.70385104986826,0.637650109756743,0.0010282017398372,0.00861401556537406,100
38,2022,"Male",50.5616621291207,37.8459026202681,11.5924352506111,0.0177546914405969,0.0072296950418258,100
38,2022,"Female",97.598301473591,1.75463078487978,0.647067741529256,0.00105553529816384,0.00861948489435647,100
38,2023,"Male",49.5566615512955,38.5858803359257,11.8574581127788,0.0185677122909449,0.00723840908411566,100
38,2023,"Female",97.5396032213312,1.8033751115457,0.657021667123069,0.00108290814946882,0.0086246178331386,100
39,2018,"Male",56.7048,33.304,9.9912,0.0144640682527085,0.00720065763201712,100
39,2018,"Female",96.8766,2.231,0.8924,0.00101988942940899,0.00866002499593078,100
39,2019,"Male",55.2223289372841,34.4017688299159,10.3759022328,0.0151361184356279,0.00721065255195593,100
39,2019,"Female",97.0396251586855,2.12396662332732,0.836408217987209,0.00104927891296048,0.00866678944554065,100
39,2020,"Male",53.7128149257296,35.5151870462331,10.7719980280374,0.0158336415757229,0.00722032261000508,100
39,2020,"Female",97.2069472416162,2.01529506353712,0.777757694846679,0.00107871309222282,0.0086731247009844,100
39,2021,"Male",52.1776463258435,36.6427121172395,11.179641556917,0.0165581255407089,0.00722970207844175,100
39,2021,"Female",97.3787992532502,1.9047875151793,0.716413231570476,0.00110819234241002,0.00867906258678753,100
39,2022,"Male",50.6183413430103,37.7826892448635,11.5989694121262,0.0173111758168268,0.00723882266750899,100
39,2022,"Female",97.5554168476833,1.79224672417339,0.652336428143316,0.00113771701297365,0.00868463182969062,100
39,2023,"Male",49.6228477337552,38.5107728903105,11.8663793759342,0.0180945275133007,0.00724771390206622,100
39,2023,"Female",97.4926114775509,1.845187760962,0.662200761487104,0.00116728743085976,0.0086898584269889,100
40,2018,"Male",57.31775,32.8325,9.84975,0.0141211950806246,0.00720911669128741,100
40,2018,"Female",96.619,2.415,0.966,0.00109334506603973,0.00872473000010601,100
40,2019,"Male",55.8465094313314,33.9221469960782,10.2313435725903,0.0147705006526084,0.00721927307477844,100
40,2019,"Female",96.7749494264607,2.31331496628631,0.911735607253001,0.00112490651346323,0.00873161602483372,100
40,2020,"Male",54.3479583739144,35.0277475239788,10.6242941021068,0.0154437575916331,0.00722910826407493,100
40,2020,"Female",96.9349472445624,2.21022311006555,0.854829645372056,0.00115651900209689,0.00873806510272517,100
40,2021,"Male",52.8234313930445,36.1478063573138,11.0287622496417,0.0161423236171466,0.00723865670805632,100
40,2021,"Female",97.099223247054,2.10552818611205,0.795248566833961,0.00118818294498284,0.008744109608201,100
40,2022,"Male",51.2743899165886,37.2807184314211,11.4448916519903,0.0168676601930566,0.00724795029319219,100
40,2022,"Female",97.2680097366369,1.99903465350954,0.732955609853599,0.00121989872778347,0.00874977876502477,100
40,2023,"Male",49.7024263729015,38.4247660928748,11.8728075342237,0.0176213427356565,0.00725701872001678,100
40,2023,"Female",97.4415416357847,1.89054756577267,0.667910798442617,0.00125166671225069,0.0087550990208392,100
41,2018,"Male",57.9307,32.361,9.7083,0.0138723048545392,0.00717884124849381,100
41,2018,"Female",96.3614,2.599,1.0396,0.00116169582959948,0.00878055650442091,100
41,2019,"Male",56.471138136219,33.4420850805534,10.0867767832277,0.0145043362514742,0.00718821216217594,100
41,2019,"Female",96.5103126575757,2.50260048972433,0.987086852699974,0.00119533889758875,0.00878760783582538,100
41,2020,"Male",54.9840294773351,34.5394000768901,10.4765704457749,0.0151591648318816,0.00719723761029025,100
41,2020,"Female",96.663027358522,2.40502313744646,0.93194950403152,0.00122904246491077,0.00879421569444134,100
41,2021,"Male",53.4706560419115,35.6514960163992,10.8778479416894,0.015838057137015,0.00720595050925032,100
41,2021,"Female",96.8197707934736,2.30607312802135,0.874156078505048,0.00126280700579149,0.00880041292444293,100
41,2022,"Male",51.9324237020754,36.7768165445971,11.2907597533275,0.0165423746890313,0.00721438112443119,100
41,2022,"Female",96.9807720281461,2.20555649920789,0.813671472645966,0.00129663296590805,0.00880622917423785,100
41,2023,"Male",50.3708663183067,37.9136951581505,11.7154385235428,0.0172735831879779,0.00722255743570046,100
41,2023,"Female",97.1462626066826,2.1032800371262,0.750457356191164,0.00133052076604005,0.00881169127628165,100
42,2018,"Male",58.54365,31.8895,9.56685,0.0136234146284539,0.00714856580570021,100
42,2018,"Female",96.1038,2.783,1.1132,0.00123004659315924,0.00883638300873581,100
42,2019,"Male",57.0904536479167,32.9686286183031,9.94091773378018,0.01423817185034,0.00715715124957344,100
42,2019,"Female",96.2462154703539,2.6913455368808,1.06243899276531,0.00126577128171427,0.00884359964681705,100
42,2020,"Male",55.6150828449681,34.057449739296,10.3274674157359,0.0148745720721302,0.00716536695650558,100
42,2020,"Female",96.3916973850177,2.59920735377866,1.00909526120362,0.00130156592772465,0.00885036628615751,100
42,2021,"Male",54.1131892768497,35.1613510698022,10.7254596533481,0.0155337906568833,0.00717324431044432,100
42,2021,"Female",96.5409606103727,2.50592468889344,0.953114700733888,0.00133743106660014,0.00885671624068486,100
42,2022,"Male",52.5861244147979,36.2788241635943,11.1350514216078,0.016217089185006,0.0071808119556702,100
42,2022,"Female",96.6942310869111,2.41130502612593,0.894463886962955,0.00137336720403264,0.00886267958345092,100
42,2023,"Male",51.0353646611043,37.4082529157727,11.5563824231231,0.0169258236402992,0.00718809615138413,100
42,2023,"Female",96.8517370970561,2.31515674733452,0.833106155609382,0.00140937481982942,0.00886828353172409,100
43,2018,"Male",59.1566,31.418,9.4254,0.0133745244023685,0.00711829036290662,100
43,2018,"Female",95.8462,2.967,1.1868,0.00129839735671899,0.00889220951305071,100
43,2019,"Male",57.7100954505538,32.4948165746729,9.79508797477327,0.0139720074492058,0.00712609033697093,100
43,2019,"Female",95.9821545698964,2.88003369228652,1.13781173781709,0.00133620366583978,0.00889959145780871,100
43,2020,"Male",56.2412575805002,33.5815923636167,10.1771500558831,0.0145899793123787,0.0071334963027209,100
43,2020,"Female",96.1209446756252,2.79279693780545,1.08625838656932,0.00137408939053854,0.00890651687787367,100
43,2021,"Male",54.7511697906891,34.6770603860043,10.5717698233066,0.0152295241767517,0.00714053811163832,100
43,2021,"Female",96.2627801343727,2.70510416244058,1.03211570318674,0.00141205512740879,0.00891301955692679,100
43,2022,"Male",53.2356308602619,35.7864224362504,10.9779467034877,0.0158918036809807,0.00714724278690921,100
43,2022,"Female",96.4083744212246,2.61630167046361,0.975323908311809,0.00145010144215722,0.008919129992664,100
43,2023,"Male",51.6960609470262,36.908111955019,11.3958270979549,0.0165780640926206,0.00715363486706781,100
43,2023,"Female",96.5579526723944,2.52619930398943,0.915848023616111,0.00148822887361878,0.00892487578716653,100
44,2018,"Male",59.76955,30.9465,9.28395,0.0131256341762832,0.00708801492011302,100
44,2018,"Female",95.5886,3.151,1.2604,0.00136674812027874,0.00894803601736561,100
44,2019,"Male",58.3300635441303,32.0206489496627,9.64928750620695,0.0137058430480716,0.00709502942436843,100
44,2019,"Female",95.7181299562032,3.06866495594149,1.21320508785532,0.0014066360499653,0.00895558326880038,100
44,2020,"Male",56.8681063518149,33.1050040195188,10.0268896286663,0.0143053865526273,0.00710162564893623,100
44,2020,"Female",95.8502665096209,2.98627068387285,1.16346280650629,0.00144661285335242,0.00896266746958984,100
44,2021,"Male",55.384729988447,34.198329315548,10.416940696005,0.0149252576966201,0.00710783191283232,100
44,2021,"Female",95.9852166028446,2.90363275686085,1.11115064029451,0.00148667918821744,0.00896932287316872,100
44,2022,"Male",53.8810749490714,35.2993098579069,10.8196151930217,0.0155665181769554,0.00711367361814821,100
44,2022,"Female",96.1231893380738,2.82056778307099,1.05624287885525,0.00152683568028181,0.00897558040187708,100
44,2023,"Male",52.3530871598494,36.4129631373553,11.2339497027953,0.0162303045449419,0.00711917358275148,100
44,2023,"Female",96.2648966947523,2.73642922950529,0.998674075742453,0.00156708292740815,0.00898146804260898,100
45,2018,"Male",60.3825,30.475,9.1425,0.0128767439501978,0.00705773947731942,100
45,2018,"Female",95.331,3.335,1.334,0.00143509888383849,0.00900386252168051,100
45,2019,"Male",58.9503579286461,31.5461257432727,9.50351632808122,0.0134396786469374,0.00706396851176593,100
45,2019,"Female",95.4541416292743,3.25723932784572,1.28861904287999,0.00147706843409082,0.00901157507979205,100
45,2020,"Male",57.4956294374922,32.6276843944243,9.87668616808346,0.0140207937928759,0.00706975499515156,100
45,2020,"Female",95.5796628791097,3.17962860945931,1.24070851143101,0.00151913631616631,0.00901881806130601,100
45,2021,"Male",56.0193352097952,33.7184703574941,10.2621944327107,0.0146209912164884,0.00707512571402632,100
45,2021,"Female",95.7077679132159,3.10198445432746,1.19024763245662,0.00156130324902609,0.00902562618941065,100
45,2022,"Male",54.5225825823561,34.8172009686022,10.6602164490417,0.0152412326729301,0.00708010444938722,100
45,2022,"Female",95.8386629493559,3.02412462108293,1.13721242956123,0.0016035699184064,0.00903203081109015,100
45,2023,"Male",53.0065686934392,35.9225141993094,11.0709171072515,0.0158825449972633,0.00708471229843516,100
45,2023,"Female",95.972556329134,2.94586795260504,1.08157571826091,0.00164593698119751,0.00903806029805142,100
46,2018,"Male",60.6516,30.268,9.0804,0.0127451740177992,0.00706096208315711,100
46,2018,"Female",95.1217,3.4845,1.3938,0.00149653372206798,0.00901883828832269,100
46,2019,"Male",59.5709786041013,31.0712469555026,9.35777444039607,0.0133003332756279,0.00706726685425419,100
46,2019,"Female",95.1901895891097,3.44575680799921,1.36405360289111,0.00154040674554347,0.00902657443684957,100
46,2020,"Male",58.1238271161124,32.1496331757552,9.7265397081324,0.0138732470175195,0.00707313171468297,100
46,2020,"Female",95.3091337761968,3.37287073204326,1.31799549175996,0.00158438869452503,0.00903383891594276,100
46,2021,"Male",56.6549863445002,33.2374825185682,10.1075311369316,0.014464787716319,0.00707858362144943,100
46,2021,"Female",95.4304340409157,3.30015930840315,1.26940665068114,0.00162848036844549,0.00904066658443915,100
46,2022,"Male",55.1655314876799,34.3335437876048,10.5009247247153,0.0150758852756908,0.0070836465370066,100
46,2022,"Female",95.5542938156325,3.22744133274391,1.21826485162363,0.00167268253266866,0.00904708891180724,100
46,2023,"Male",53.6566252111248,35.4364884879341,10.9068863009411,0.0157075319269404,0.00708834175228628,100
46,2023,"Female",95.680918549779,3.15453679998563,1.1645446502354,0.00171699592304021,0.00905313438061054,100
47,2018,"Male",60.9207,30.061,9.0183,0.0126136040854005,0.0070641846889948,100
47,2018,"Female",94.9124,3.634,1.4536,0.00155796856029746,0.00903381405496487,100
47,2019,"Male",59.8449135062999,30.8607744605555,9.29431203314457,0.0131609879043183,0.00707056519674246,100
47,2019,"Female",94.9751738916724,3.59957300970236,1.4252530986252,0.00160374505699613,0.0090415737939071,100
47,2020,"Male",58.7445357028512,31.677918834497,9.57754546265178,0.0137257002421631,0.00707650843421438,100
47,2020,"Female",95.039371328895,3.56544665626691,1.39518201483808,0.00164964107288375,0.00904885977057951,100
47,2021,"Male",57.2830782956178,32.7628081294163,9.95411357496591,0.0143085842161495,0.00708204152887255,100
47,2021,"Female",95.1539247229087,3.49758678561053,1.34848849148078,0.00169565748786488,0.00905570697946764,100
47,2022,"Male",55.8008622700747,33.8561640150523,10.3429737148731,0.0149105378784515,0.00708718862462599,100
47,2022,"Female",95.2708092208105,3.42992729382212,1.29926348536739,0.00174179514693093,0.00906214701252434,100
47,2023,"Male",54.2990171405705,34.9566902427806,10.7442926166489,0.0155325188566175,0.0070919712061374,100
47,2023,"Female",95.390227482722,3.36228920556347,1.2474833117145,0.0017880548648829,0.00906820846316966,100
48,2018,"Male",61.1898,29.854,8.9562,0.0124820341530018,0.00706740729483249,100
48,2018,"Female",94.7031,3.7835,1.5134,0.00161940339852695,0.00904878982160704,100
48,2019,"Male",60.1189234041774,30.6502283354433,9.23084826037928,0.0130216425330088,0.00707386353923072,100
48,2019,"Female",94.7601847076524,3.75335821318058,1.48645707916706,0.00166708336844878,0.00905657315096462,100
48,2020,"Male",59.0235001624943,31.4638012736046,9.51269856390108,0.0135781534668068,0.00707988515374579,100
48,2020,"Female",94.8184989439165,3.72367592605958,1.45782513002396,0.00171489345124247,0.00906388062521626,100
48,2021,"Male",57.9039845665084,32.2941256341057,9.80188979938594,0.01415238071598,0.00708549943629566,100
48,2021,"Female",94.8782171072592,3.69431323773264,1.42746965500816,0.00176283460728428,0.00907074737449613,100
48,2022,"Male",56.4289567868967,33.3847334370518,10.1863097760515,0.0147451904812121,0.00709073071224538,100
48,2022,"Female",94.9881860786149,3.63162978426406,1.38018413712104,0.00181090776119319,0.00907720511324143,100
48,2023,"Male",54.9341343246492,34.4827850201327,10.5830806552181,0.0153575057862946,0.00709560065998852,100
48,2023,"Female",95.1004597869019,3.56917343201683,1.33036678108129,0.0018591138067256,0.00908328254572878,100
49,2018,"Male",61.4589,29.647,8.8941,0.0123504642206032,0.00707062990067018,100
49,2018,"Female",94.4938,3.933,1.5732,0.00168083823675644,0.00906376558824921,100
49,2019,"Male",60.3930082977337,30.4396085801661,9.16738312210019,0.0128822971616993,0.00707716188171899,100
49,2019,"Female",94.5452220370495,3.90711241843387,1.54766554451667,0.00173042167990143,0.00907157250802215,100
49,2020,"Male",59.3026194359363,31.2495322071334,9.4478483569303,0.0134306066914504,0.00708326187327721,100
49,2020,"Female",94.5976810874587,3.88184184258632,1.520477069955,0.0017801458296012,0.00907890147985302,100
49,2021,"Male",58.188177117005,32.0761875729061,9.73563531008892,0.0139961772158105,0.00708895734371878,100
49,2021,"Female",94.6513496125674,3.85704873377888,1.49160165365374,0.00183001172670368,0.00908578776952463,100
49,2022,"Male",57.0501792844541,32.9189419677011,10.0308787478448,0.0145798430839728,0.00709427279986476,100
49,2022,"Female",94.7064014075315,3.83259489844889,1.46100369401962,0.00188002037545546,0.00909226321395852,100
49,2023,"Male",55.5623487565273,34.0144567308117,10.423194512661,0.0151824927159717,0.00709923011383964,100
49,2023,"Female",94.8115922304003,3.77523651304668,1.413171256553,0.00193017274856829,0.0090983566282879,100
50,2018,"Male",61.728,29.44,8.832,0.0122188942882045,0.00707385250650787,100
50,2018,"Female",94.2845,4.0825,1.633,0.00174227307498592,0.00907874135489139,100
50,2019,"Male",60.6671681869688,30.2289151947238,9.10391661830732,0.0127429517903898,0.00708046022420725,100
50,2019,"Female",94.3302858798637,4.06083562546222,1.60887849467405,0.00179375999135409,0.00908657186507967,100
50,2020,"Male",59.5818935563733,31.0351116026331,9.38299484099357,0.0132830599160941,0.00708663859280862,100
50,2020,"Female",94.3769177543315,4.03994441243417,1.58313783323435,0.00184539820795992,0.00909392233448976,100
50,2021,"Male",58.4726094649492,31.858015577293,9.66937495775783,0.013839973715641,0.00709241525114189,100
50,2021,"Female",94.4245662217497,4.01968711715874,1.5557466610916,0.00189718884612307,0.00910082816455312,100
50,2022,"Male",57.3398026252966,32.6970048395927,9.96319253511075,0.0144144956867334,0.00709781488748415,100
50,2022,"Female",94.4734031467314,3.99992589729829,1.52667095597032,0.00194913298971772,0.00910732131467561,100
50,2023,"Male",56.184015353023,33.5514067549994,10.2645778919776,0.0150074796456488,0.00710285956769076,100
50,2023,"Female",94.5236016924197,3.98052429836283,1.49587400921747,0.00200123169041099,0.00911343071084702,100
51,2018,"Male",61.9971,29.233,8.7699,0.0117026397758958,0.00734236961662922,100
51,2018,"Female",94.0752,4.232,1.6928,0.0017186140545541,0.00940129985360529,100
51,2019,"Male",60.9414030718828,30.0181481791165,9.04044874900066,0.012206200989701,0.00735424003518425,100
51,2019,"Female",94.1153762360952,4.21452783426564,1.67009592963919,0.00176960282945068,0.00941080057039733,100
51,2020,"Male",59.8613225570016,30.8205394276534,9.31813801534499,0.0127253084354948,0.00736578971122127,100
51,2020,"Female",94.1562089393447,4.19798364219018,1.64580741846513,0.00182075170107603,0.00941978772864782,100
51,2021,"Male",58.757281715625,31.63960954453,9.60310873984497,0.0132606959328162,0.00737705285614332,100
51,2021,"Female",94.1978669186365,4.18222840823725,1.61990467312626,0.001872061868224,0.00942829943252441,100
51,2022,"Male",57.6297562880246,32.4747464569674,9.89549725500805,0.0138131434513307,0.00738806088094797,100
51,2022,"Female",94.2405201846871,4.16712457206091,1.59235524325203,0.00192353449524194,0.00943637008814756,100
51,2023,"Male",56.479276704512,33.3252885267176,10.1954347687705,0.0143834808687826,0.00739884276011123,100
51,2023,"Female",94.2843399784532,4.15253601806295,1.56312400348387,0.00197517071704187,0.00944403084204648,100
52,2018,"Male",62.2662,29.026,8.7078,0.0111863852635872,0.00761088672675057,100
52,2018,"Female",93.8659,4.3815,1.7526,0.00169495503412228,0.00972385835231918,100
52,2019,"Male",61.2403509366214,29.7747625644301,8.98488649894854,0.0116694501890123,0.00762801984616124,100
52,2019,"Female",93.9087242598989,4.35864923208722,1.73262650801392,0.00174544566754727,0.00973502927571498,100
52,2020,"Male",60.1659049213013,30.5725389626904,9.26155611600831,0.0121675569548955,0.00764494082963392,100
52,2020,"Female",93.9440155047159,4.34618860806966,1.70979588721445,0.00179610519419215,0.00974565312280587,100
52,2021,"Male",59.067519760437,31.3869774758054,9.54550276375764,0.0126814181499913,0.00766169046114475,100
52,2021,"Female",93.9799426909328,4.33467004381066,1.68538726525654,0.00184693489032494,0.00975577070049569,100
52,2022,"Male",57.9456589544768,32.2174769441138,9.83686410140938,0.013211791215928,0.0076783068744118,100
52,2022,"Female",94.0166740722403,4.32395619958017,1.65936972817955,0.00189793600076616,0.0097654188616195,100
52,2023,"Male",56.8008397909832,33.0633874112992,10.1357727977176,0.0137594820919165,0.00769482595253169,100
52,2023,"Female",94.0543790688595,4.31391123490731,1.63170969623322,0.00194910974367274,0.00977463097324594,100
53,2018,"Male",62.5353,28.819,8.6457,0.0106701307512785,0.00787940383687192,100
53,2018,"Female",93.6566,4.531,1.8124,0.00167129601369046,0.0100464168510331,100
53,2019,"Male",61.5395876806409,29.5312014153044,8.92921090405468,0.0111326993883236,0.00790179965713824,100
53,2019,"Female",93.7020621715146,4.50268379771388,1.79525403077155,0.00172128850564386,0.0100592579810326,100
53,2020,"Male",60.4952054786623,30.2922817243677,9.21251279697001,0.0116098054742962,0.00792409194804657,100
53,2020,"Female",93.7400543124757,4.48484129601047,1.77510439151383,0.00177145868730826,0.0100715185169639,100
53,2021,"Male",59.4029159226217,31.1012906312266,9.49579344615174,0.0121021403671665,0.00794632806614618,100
53,2021,"Female",93.770507024743,4.47729666856111,1.75219630669588,0.00182180791242587,0.010083241968467,100
53,2022,"Male",58.2871320217194,31.9263663696035,9.78650160867713,0.0126104389805252,0.00796855286787563,100
53,2022,"Female",93.8015747743498,4.47070809178899,1.72771713386127,0.00187233750629038,0.0100944676350915,100
53,2023,"Male",57.1483566977884,32.7668713230876,10.084771979124,0.0131354833150503,0.00799080914495216,100
53,2023,"Female",93.8334252567384,4.4649399388867,1.70163480437492,0.00192304877030362,0.0101052311044454,100
54,2018,"Male",62.8044,28.612,8.5836,0.0101538762389698,0.00814792094699327,100
54,2018,"Female",93.4473,4.6805,1.8722,0.00164763699325864,0.010368975349747,100
54,2019,"Male",61.8391133039414,29.2874647317396,8.87342196431907,0.0105959485876349,0.00817557946811524,100
54,2019,"Female",93.4953899709423,4.64663153114563,1.85797849791206,0.00169713134374045,0.0103834866863503,100
54,2020,"Male",60.8251250387003,30.0116561018939,9.16321885940583,0.0110520539936969,0.00820324306645922,100
54,2020,"Female",93.5360728394622,4.6233242665216,1.84060289401625,0.00174681218042437,0.010397383911122,100
54,2021,"Male",59.7630840104189,30.7836907841571,9.45322520542396,0.0115228625843416,0.00823096567114761,100
54,2021,"Female",93.569277939818,4.61039592869033,1.82032613149167,0.0017966809345268,0.0104107132364383,100
54,2022,"Male",58.6538190761142,31.60255519908,9.74362572480583,0.0120090867451225,0.00825879886133945,100
54,2022,"Female",93.5949369874567,4.60767077953391,1.79739223300938,0.0018467390118146,0.0104235164085634,100
54,2023,"Male",57.5215023715659,32.4368785194056,10.0416191090284,0.0125114845381842,0.00828679233737263,100
54,2023,"Female",93.6211897713274,4.60591555634331,1.77289467232931,0.0018969877969345,0.0104358312356449,100
55,2018,"Male",63.0735,28.405,8.5215,0.00963762172666111,0.00841643805711463,100
55,2018,"Female",93.238,4.83,1.932,0.00162397797282682,0.0106915338484609,100
55,2019,"Male",62.1389278065227,29.0435525137355,8.81751967974171,0.0100591977869462,0.00844935927909223,100
55,2019,"Female",93.2887076581821,4.79049243238245,1.92079990943546,0.00167297418183704,0.010707715391668,100
55,2020,"Male",61.1556640847839,29.7306617589023,9.11367415631388,0.0104943025130976,0.00848239418487187,100
55,2020,"Female",93.3320710849275,4.76163760523755,1.9062913098349,0.00172216567354049,0.01072324930528,100
55,2021,"Male",60.1242454812039,30.4655107482813,9.41024377051481,0.0109435848015168,0.00851560327614904,100
55,2021,"Female",93.368018360701,4.74324664214495,1.88873499715408,0.00177155395662774,0.0107381845044096,100
55,2022,"Male",59.0453839503818,31.2471545337983,9.70746151581998,0.0114077345097198,0.00854904485480328,100
55,2022,"Female",93.3964799039392,4.73513742695643,1.86838266910435,0.00182114051733882,0.0107525651820353,100
55,2023,"Male",57.9199727256379,32.0745177372911,10.005509537071,0.011887485761318,0.00858277552979309,100
55,2023,"Female",93.4173885341367,4.73713435820934,1.845477107654,0.00187092682356537,0.0107664313668443,100
56,2018,"Male",65.316,26.68,8.004,0.00873698230873517,0.00854908447982458,100
56,2018,"Female",93.6244,4.554,1.8216,0.00150898053250603,0.0108226624839867,100
56,2019,"Male",62.439031188385,28.7994647612923,8.76150405032261,0.0091132237051211,0.00858189865298699,100
56,2019,"Female",93.0820152332339,4.93426650142437,1.98371826534176,0.00155440190919027,0.0108392302229,100
56,2020,"Male",61.4868231002816,29.4492983590262,9.06387854069225,0.00950108739066047,0.00861475205297865,100
56,2020,"Female",93.1280490481242,4.89978139779284,1.97216955408296,0.00159999760609879,0.0108551323241601,100
56,2021,"Male",60.486401888779,30.146749434231,9.36684867699006,0.00990111626285883,0.00864770305411526,100
56,2021,"Female",93.1667282851168,4.87584906190014,1.95742265298308,0.00164576894767242,0.0108704189636661,100
56,2022,"Male",59.4383640511572,30.8909411604165,9.67069478842636,0.0103138868723143,0.0086808074976348,100
56,2022,"Female",93.1979820794407,4.86228085471112,1.93973706584821,0.00169171723698833,0.0108851354749086,100
56,2023,"Male",58.3434827894001,31.6808683814716,9.97564882912833,0.0107400121122817,0.00871411919568505,100
56,2023,"Female",93.2217419244603,4.8588948743154,1.91936320122425,0.00173784375952972,0.0108993229207557,100
57,2018,"Male",67.5585,24.955,7.4865,0.00783634289080924,0.00868173090253454,100
57,2018,"Female",94.0108,4.278,1.7112,0.00139398309218524,0.0109537911195125,100
57,2019,"Male",64.7207606804763,27.046274263462,8.23296505606169,0.008167249623296,0.00871443802688176,100
57,2019,"Female",93.4788700538932,4.65016809167171,1.87096185443509,0.00143582963654349,0.010970745054132,100
57,2020,"Male",61.845792496476,29.1446032050243,9.00960429849964,0.00850787226822335,0.00874710992108544,100
57,2020,"Female",92.9330842316898,5.02963538717276,2.03728038113739,0.00147782953865709,0.0109870153430402,100
57,2021,"Male",60.8780349161318,29.803417755815,9.31854732805315,0.00885864772420087,0.00877980283208147,100
57,2021,"Female",92.9747817968435,4.99978597244917,2.02543223070734,0.00151998393871709,0.0110026534229227,100
57,2022,"Male",59.8625519823848,30.5089012121072,9.62854680550805,0.00922003923490877,0.00881257014046632,100
57,2022,"Female",93.009116524963,4.98038654445989,2.01049693057707,0.00156229395663784,0.0110177057677818,100
57,2023,"Male",58.7999953013135,31.2601225669214,9.93988213176512,0.00959253846324546,0.00884546286157701,100
57,2023,"Female",93.0360185478832,4.97124881710173,1.99273263501512,0.00160476069549407,0.0110322144746671,100
58,2018,"Male",69.801,23.23,6.969,0.0069357034728833,0.00881437732524449,100
58,2018,"Female",94.3972,4.002,1.6008,0.00127898565186445,0.0110849197550383,100
58,2019,"Male",67.0067328663246,25.2892983327146,7.70396880096083,0.00722127554147091,0.00884697740077652,100
58,2019,"Female",93.8758165072048,4.36605064545359,1.75813284734158,0.00131725736389671,0.011102259885364,100
58,2020,"Male",64.1701247155046,27.3603334944954,8.46954179000002,0.00751465714578623,0.00887946778919222,100
58,2020,"Female",93.3407242184873,4.73722245890673,1.922053322606,0.00135566147121539,0.0111188983619202,100
58,2021,"Male",61.2979224075257,29.4365894242153,9.26548816825901,0.00781617918554291,0.00891190261004767,100
58,2021,"Female",92.7918274362822,5.11555284757164,2.09261971614612,0.00139419892976177,0.0111348878821793,100
58,2022,"Male",60.316737045661,30.1020709168872,9.58119203745189,0.00812619159750327,0.00894433278329784,100
58,2022,"Female",92.8295278571226,5.08995374142377,2.08051840145367,0.00143287067628735,0.011150276060655,100
58,2023,"Male",59.2883181499857,30.813269691887,9.89841215812727,0.0084450648142092,0.00897680652746897,100
58,2023,"Female",92.8598591504411,5.07469922645655,2.0654416231023,0.00147167763145842,0.0111651060285785,100
59,2018,"Male",72.0435,21.505,6.4515,0.00603506405495737,0.00894702374795445,100
59,2018,"Female",94.7836,3.726,1.4904,0.00116398821154366,0.0112160483905641,100
59,2019,"Male",69.2969477459298,23.5285369690502,7.17451528502004,0.00627530145964581,0.00897951677467128,100
59,2019,"Female",94.2728545931688,4.08191416277,1.64523124406123,0.00119868509124994,0.011233774716596,100
59,2020,"Male",66.5032002423748,25.5682754467077,7.92852431091745,0.00652144202334912,0.009011825657299,100
59,2020,"Female",93.7485526796871,4.4447687996015,1.80667852071137,0.00123349340377369,0.0112507813808003,100
59,2021,"Male",63.6685595223696,27.6180660601491,8.71337441748139,0.00677371064688495,0.00904400238801389,100
59,2021,"Female",93.2105886806787,4.81460955576246,1.97480176355887,0.00126841392080645,0.0112671223414359,100
59,2022,"Male",60.7998037455133,29.6714174344122,9.52877882007449,0.00703234396009777,0.00907609542612936,100
59,2022,"Female",92.6588687477497,5.19147170965091,2.14965954259941,0.00130344739593686,0.0112828463535282,100
59,2023,"Male",59.8073582919287,30.3412292039223,9.85141250414893,0.00729759116517293,0.00910815019336093,100
59,2023,"Female",92.6929127174364,5.16973900790639,2.13734827465723,0.00133859456742277,0.0112979975824899,100
60,2018,"Male",74.286,19.78,5.934,0.00513442463703144,0.0090796701706644,100
60,2018,"Female",95.17,3.45,1.38,0.00104899077122287,0.0113471770260899,100
60,2019,"Male",71.591405319292,21.7639901724687,6.64460450823931,0.00532932737782071,0.00911205614856604,100
60,2019,"Female",94.669984311785,3.79775864362096,1.53225704459404,0.00108011281860316,0.0113652895478281,100
60,2020,"Male",68.8450317188097,23.7684179230339,7.38655035815643,0.005528226900912,0.00914418352540579,100
60,2020,"Female",94.1565696488732,4.15227438320508,1.69115596792174,0.001111325336332,0.0113826643996804,100
60,2021,"Male",66.0527268068412,25.787509338044,8.15976385511487,0.00573124210822699,0.00917610216598009,100
60,2021,"Female",93.6296407104128,4.51360101503136,1.85675827455588,0.00114262891185113,0.0113993568006925,100
60,2022,"Male",63.2208203123643,27.8151410671073,8.96403862052845,0.00593849632269226,0.00920785806896088,100
60,2022,"Female",93.0890935815891,4.88178215498214,2.02912426342876,0.00117402411558637,0.0114154166464014,100
60,2023,"Male",60.3561116348558,29.8448578186272,9.79903054651703,0.00615011751613667,0.00923949385925289,100
60,2023,"Female",92.5348360894204,5.25685113315499,2.20831277742461,0.00120551150338712,0.0114308891364013,100
61,2018,"Male",76.5285,18.055,5.4165,0.00410753970962515,0.00726373613653152,100
61,2018,"Female",95.5564,3.174,1.2696,0.0008391926169783,0.00907774162087189,100
61,2019,"Male",73.8901055864112,19.9956579429702,6.11423647061864,0.00426346190225657,0.00728964491885283,100
61,2019,"Female",95.0672056630535,3.51358408800646,1.41921024894001,0.000864090254882527,0.00909223163826244,100
61,2020,"Male",71.1956317865318,21.9607497848467,6.84361842862149,0.0044225815207296,0.00731534682032463,100
61,2020,"Female",94.5647751596292,3.85973918366548,1.57548565670536,0.000889060269065596,0.0091061315197443,100
61,2021,"Male",68.4504641740806,23.9448840365775,7.6046517893419,0.0045849936865816,0.00734088173278408,100
61,2021,"Female",94.0489836301516,4.21252714469807,1.73848922515027,0.000914103129480906,0.00911948544055401,100
61,2022,"Male",65.6604729315949,25.9423154873535,8.39721158105158,0.00475079705815381,0.0073662864551687,100
61,2022,"Female",93.519717254285,4.57199983499687,1.90828291071808,0.000939219292469099,0.00913233331712111,100
61,2023,"Male",62.8320048379767,27.9469587164111,9.22103644561223,0.00492009401290933,0.00739159508740231,100
61,2023,"Female",92.9768736084366,4.93819901753296,2.08492737403043,0.000964409202709698,0.00914471130912104,100
62,2018,"Male",78.771,16.33,4.899,0.00308065478221886,0.00544780210239864,100
62,2018,"Female",95.9428,2.898,1.1592,0.000629394462733725,0.00680830621565392,100
62,2019,"Male",76.2022236558132,18.249661805177,5.54811453900989,0.00319759642669243,0.00546723368913962,100
62,2019,"Female",95.4738306459683,3.22771061081181,1.29845874321984,0.000648067691161895,0.00681917372869683,100
62,2020,"Male",73.56332057088,20.176167785748,6.26051164337204,0.0033169361405472,0.00548651011524347,100
62,2020,"Female",94.9826851876074,3.5661094046415,1.45120540775107,0.000666795201799197,0.00682959863980822,100
62,2021,"Male",70.8692002642783,22.1259700401663,7.00482969555531,0.0034387452649362,0.00550566129958806,100
62,2021,"Female",94.4783332027171,3.91098230528778,1.61068449199513,0.00068557734711068,0.0068396140804155,100
62,2022,"Male",68.1252699102531,24.0936934254558,7.78103666429113,0.00356309779361536,0.00552471484137653,100
62,2022,"Female",93.9606510102891,4.26238956256782,1.77695942714308,0.000704414469351824,0.00684924998784084,100
62,2023,"Male",65.3374172318394,26.0736160953969,8.58896667276374,0.003690070509682,0.00554369631555173,100
62,2023,"Female",93.4295259783302,4.62038149235532,1.95009252931448,0.000723306902032274,0.00685853348184078,100
63,2018,"Male",81.0135,14.605,4.3815,0.00205376985481257,0.00363186806826576,100
63,2018,"Female",96.3292,2.622,1.0488,0.00041959630848915,0.00453887081043595,100
63,2019,"Male",78.519122131873,16.4925979419833,4.98827992614365,0.00213173095112829,0.00364482245942642,100
63,2019,"Female",95.8806225711204,2.94041546341384,1.17896196546576,0.000432045127441263,0.00454611581913122,100
63,2020,"Male",75.9494657461791,18.4022927607171,5.64824149310376,0.0022112907603648,0.00365767341016232,100
63,2020,"Female",95.4101691537962,3.26932813498664,1.32050271121714,0.000444530134532798,0.00455306575987215,100
63,2021,"Male",73.3103550505939,20.3180501598821,6.37159478952403,0.0022924968432908,0.00367044086639204,100
63,2021,"Female",94.9175672102751,3.60683656987758,1.47559621984736,0.000457051564740453,0.004559742720277,100
63,2022,"Male",70.6166863731814,22.2562442562025,7.12706937061607,0.00237539852907691,0.00368314322758435,100
63,2022,"Female",94.4117812977688,3.95074691472908,1.63747178750207,0.00046960964623455,0.00456616665856056,100
63,2023,"Male",67.8738828607932,24.211512355445,7.91460478376186,0.00246004700645467,0.00369579754370116,100
63,2023,"Female",93.8926886228939,4.30111820843549,1.8061931686706,0.000482204601354849,0.00457235565456052,100
64,2018,"Male",83.256,12.88,3.864,0.00102688492740629,0.00181593403413288,100
64,2018,"Female",96.7156,2.346,0.9384,0.000209798154244575,0.00226943540521797,100
64,2019,"Male",80.8408010145908,14.7244663533893,4.43473263201992,0.00106586547556414,0.00182241122971321,100
64,2019,"Female",96.2875814385097,2.65169864581255,1.06071991567776,0.000216022563720632,0.00227305790956561,100
64,2020,"Male",78.3454935225909,16.6059020143086,5.04860446310054,0.0011056453801824,0.00182883670508116,100
64,2020,"Female",95.8380007450698,2.96964938449821,1.19234987043203,0.000222265067266399,0.00227653287993607,100
64,2021,"Male",75.7753518357064,18.5088621438056,5.71578602048801,0.0011462484216454,0.00183522043319602,100
64,2021,"Female",95.3665617866923,3.29802820692683,1.33541000638084,0.000228525782370227,0.0022798713601385,100
64,2022,"Male",73.1362137410406,20.4173571805913,6.44642907836812,0.00118769926453845,0.00184157161379218,100
64,2022,"Female",94.872993005116,3.63494135814839,1.49206563673561,0.000234804823117275,0.00228308332928028,100
64,2023,"Male",70.4429660052633,22.3477100512665,7.20932394347016,0.00123002350322733,0.00184789877185058,100
64,2023,"Female",94.366255502405,3.97820849009767,1.65553600749737,0.000241102300677424,0.00228617782728026,100
65,2018,"Male",85.4985,11.155,3.3465,0,0,100
65,2018,"Female",97.102,2.07,0.828,0,0,100
65,2019,"Male",83.1672603039664,12.9452670393949,3.88747265663871,0,0,100
65,2019,"Female",96.6947072481362,2.36156015800794,0.943732593855841,0,0,100
65,2020,"Male",80.7514197564187,14.7869189670315,4.46166127654973,0,0,100
65,2020,"Female",96.2661800727443,2.66706333242303,1.06675659483264,0,0,100
65,2021,"Male",78.2556901242976,16.6652299219136,5.07907995378885,0,0,100
65,2021,"Female",95.8160992909687,2.9847804200179,1.1991202890134,0,0,100
65,2022,"Male",75.685353506061,18.5647750783234,5.74987141561563,0,0,100
65,2022,"Female",95.3441692580207,3.31289106237973,1.34293967959957,0,0,100
65,2023,"Male",73.0462544792021,20.4695872331714,6.48415828762657,0,0,100
65,2023,"Female",94.8501189082303,3.64950533269761,1.50037575907208,0,0,100
